indicator_id,country_id,year,value,magnitude,qualifier
PREPFUTURE.1.MATH.GPIA,ALB,2019,0.974754810333252,NA,UIS_EST
PREPFUTURE.1.MATH.GPIA,ARG,2006,0.96198707818985,NA,UIS_EST
PREPFUTURE.1.MATH.GPIA,ARG,2019,0.8640025854110718,NA,UIS_EST
PREPFUTURE.1.MATH.GPIA,ARM,2003,1.104984641075134,NA,UIS_EST
PREPFUTURE.1.MATH.GPIA,ARM,2007,1.065738320350647,NA,UIS_EST
PREPFUTURE.1.MATH.GPIA,ARM,2011,1.008407235145569,NA,UIS_EST
PREPFUTURE.1.MATH.GPIA,ARM,2015,1.046391010284424,NA,UIS_EST
PREPFUTURE.1.MATH.GPIA,ARM,2019,1.043249726295471,NA,UIS_EST
PREPFUTURE.1.MATH.GPIA,AUS,1995,1.045683860778809,NA,UIS_EST
PREPFUTURE.1.MATH.GPIA,AUS,1999,1.018152594566345,NA,UIS_EST
PREPFUTURE.1.MATH.GPIA,AUS,2003,0.9229044318199158,NA,UIS_EST
PREPFUTURE.1.MATH.GPIA,AUS,2007,0.8900027275085449,NA,UIS_EST
PREPFUTURE.1.MATH.GPIA,AUS,2011,0.9604629278182985,NA,UIS_EST
PREPFUTURE.1.MATH.GPIA,AUS,2015,0.9763160943984984,NA,UIS_EST
PREPFUTURE.1.MATH.GPIA,AUS,2019,1.016149044036865,NA,UIS_EST
PREPFUTURE.1.MATH.GPIA,AUT,2019,0.9911591410636902,NA,UIS_EST
PREPFUTURE.1.MATH.GPIA,AZE,2019,1.019114136695862,NA,NA
PREPFUTURE.1.MATH.GPIA,BDI,2014,1.547122597694397,NA,UIS_EST
PREPFUTURE.1.MATH.GPIA,BDI,2019,0.7444043755531311,NA,UIS_EST
PREPFUTURE.1.MATH.GPIA,BEL,2019,0.9561847448349,NA,UIS_EST
PREPFUTURE.1.MATH.GPIA,BEN,2014,0.963278591632843,NA,NA
PREPFUTURE.1.MATH.GPIA,BEN,2019,0.93251800537109375,NA,UIS_EST
PREPFUTURE.1.MATH.GPIA,BFA,2014,0.7689868807792664,NA,UIS_EST
PREPFUTURE.1.MATH.GPIA,BFA,2019,1.013101935386658,NA,NA
PREPFUTURE.1.MATH.GPIA,BGR,2015,1.027389883995056,NA,UIS_EST
PREPFUTURE.1.MATH.GPIA,BGR,2019,0.99054354429245,NA,UIS_EST
PREPFUTURE.1.MATH.GPIA,BIH,2019,0.8601548075675964,NA,UIS_EST
PREPFUTURE.1.MATH.GPIA,BOL,2017,0.846847653388977,NA,UIS_EST
PREPFUTURE.1.MATH.GPIA,BRA,2006,0.983000636100769,NA,UIS_EST
PREPFUTURE.1.MATH.GPIA,BRA,2019,0.9284176826477052,NA,UIS_EST
PREPFUTURE.1.MATH.GPIA,BWA,2013,1.156136035919189,NA,UIS_EST
PREPFUTURE.1.MATH.GPIA,CAN,1995,0.9367367625236512,NA,UIS_EST
PREPFUTURE.1.MATH.GPIA,CAN,2015,0.9555096626281738,NA,UIS_EST
PREPFUTURE.1.MATH.GPIA,CAN,2019,0.8939306735992432,NA,UIS_EST
PREPFUTURE.1.MATH.GPIA,CHL,2006,0.936423361301422,NA,UIS_EST
PREPFUTURE.1.MATH.GPIA,CIV,2014,0.5698234438896179,NA,UIS_EST
PREPFUTURE.1.MATH.GPIA,CIV,2019,0.5732652544975281,NA,UIS_EST
PREPFUTURE.1.MATH.GPIA,CMR,2014,0.9852774143218994,NA,NA
PREPFUTURE.1.MATH.GPIA,CMR,2019,1.207520127296448,NA,UIS_EST
PREPFUTURE.1.MATH.GPIA,COD,2019,0.9005013704299927,NA,UIS_EST
PREPFUTURE.1.MATH.GPIA,COG,2014,1.008000016212463,NA,NA
PREPFUTURE.1.MATH.GPIA,COG,2019,1.130289793014526,NA,UIS_EST
PREPFUTURE.1.MATH.GPIA,COL,2006,0.8472773432731628,NA,UIS_EST
PREPFUTURE.1.MATH.GPIA,COL,2019,0.8962332010269165,NA,UIS_EST
PREPFUTURE.1.MATH.GPIA,CRI,2006,0.8827821612358093,NA,UIS_EST
PREPFUTURE.1.MATH.GPIA,CRI,2019,0.8613104224205017,NA,UIS_EST
PREPFUTURE.1.MATH.GPIA,CUB,2019,1.015626430511475,NA,UIS_EST
PREPFUTURE.1.MATH.GPIA,CYP,1995,0.920754849910736,NA,UIS_EST
PREPFUTURE.1.MATH.GPIA,CYP,2003,0.9556229114532472,NA,UIS_EST
PREPFUTURE.1.MATH.GPIA,CYP,2015,0.9876846671104432,NA,UIS_EST
PREPFUTURE.1.MATH.GPIA,CYP,2019,0.9163991808891296,NA,UIS_EST
PREPFUTURE.1.MATH.GPIA,CZE,1995,0.9489378333091736,NA,UIS_EST
PREPFUTURE.1.MATH.GPIA,CZE,2007,0.9608659148216248,NA,UIS_EST
PREPFUTURE.1.MATH.GPIA,CZE,2011,0.9352123737335204,NA,UIS_EST
PREPFUTURE.1.MATH.GPIA,CZE,2015,0.9754530191421508,NA,UIS_EST
PREPFUTURE.1.MATH.GPIA,CZE,2019,0.9528923630714417,NA,UIS_EST
PREPFUTURE.1.MATH.GPIA,DEU,2007,0.9398728609085084,NA,UIS_EST
PREPFUTURE.1.MATH.GPIA,DEU,2011,0.9668561816215516,NA,UIS_EST
PREPFUTURE.1.MATH.GPIA,DEU,2015,0.9830727577209472,NA,UIS_EST
PREPFUTURE.1.MATH.GPIA,DEU,2019,0.9385529160499572,NA,UIS_EST
PREPFUTURE.1.MATH.GPIA,DNK,1995,0.8668217658996582,NA,UIS_EST
PREPFUTURE.1.MATH.GPIA,DOM,2006,0.8200920224189758,NA,UIS_EST
PREPFUTURE.1.MATH.GPIA,DOM,2019,1.068661570549011,NA,UIS_EST
PREPFUTURE.1.MATH.GPIA,DZA,2007,1.112489938735962,NA,UIS_EST
PREPFUTURE.1.MATH.GPIA,ECU,2006,1.011777400970459,NA,UIS_EST
PREPFUTURE.1.MATH.GPIA,ECU,2019,0.9782503843307496,NA,UIS_EST
PREPFUTURE.1.MATH.GPIA,ESP,2011,0.8991135358810425,NA,UIS_EST
PREPFUTURE.1.MATH.GPIA,ESP,2015,0.9263678193092346,NA,UIS_EST
PREPFUTURE.1.MATH.GPIA,ESP,2019,0.9193477630615234,NA,UIS_EST
PREPFUTURE.1.MATH.GPIA,FIN,2011,0.9929161667823792,NA,UIS_EST
PREPFUTURE.1.MATH.GPIA,FIN,2015,1.067586779594421,NA,UIS_EST
PREPFUTURE.1.MATH.GPIA,FIN,2019,0.9945976138114928,NA,UIS_EST
PREPFUTURE.1.MATH.GPIA,FRA,2015,0.9692794680595398,NA,UIS_EST
PREPFUTURE.1.MATH.GPIA,FRA,2019,0.9146289229393004,NA,UIS_EST
PREPFUTURE.1.MATH.GPIA,GAB,2019,0.8238861560821533,NA,UIS_EST
PREPFUTURE.1.MATH.GPIA,GBR,2019,1.004341125488281,NA,UIS_EST
PREPFUTURE.1.MATH.GPIA,GEO,2007,1.014552712440491,NA,UIS_EST
PREPFUTURE.1.MATH.GPIA,GEO,2011,1.039554595947266,NA,UIS_EST
PREPFUTURE.1.MATH.GPIA,GEO,2015,1.021207332611084,NA,UIS_EST
PREPFUTURE.1.MATH.GPIA,GEO,2019,0.942254900932312,NA,UIS_EST
PREPFUTURE.1.MATH.GPIA,GIN,2019,0.6372271776199341,NA,UIS_EST
PREPFUTURE.1.MATH.GPIA,GRC,1995,0.9604740142822266,NA,UIS_EST
PREPFUTURE.1.MATH.GPIA,GTM,2006,0.7551189661026001,NA,UIS_EST
PREPFUTURE.1.MATH.GPIA,GTM,2019,0.7292329668998718,NA,UIS_EST
PREPFUTURE.1.MATH.GPIA,HND,2019,0.9081245064735411,NA,UIS_EST
PREPFUTURE.1.MATH.GPIA,HRV,2011,0.8993493914604187,NA,UIS_EST
PREPFUTURE.1.MATH.GPIA,HRV,2015,0.9220526218414308,NA,UIS_EST
PREPFUTURE.1.MATH.GPIA,HRV,2019,0.9278026819229126,NA,UIS_EST
PREPFUTURE.1.MATH.GPIA,HUN,1995,0.9868757724761964,NA,NA
PREPFUTURE.1.MATH.GPIA,HUN,2003,1.004773497581482,NA,UIS_EST
PREPFUTURE.1.MATH.GPIA,HUN,2007,0.9735825061798096,NA,UIS_EST
PREPFUTURE.1.MATH.GPIA,HUN,2011,1.006204605102539,NA,UIS_EST
PREPFUTURE.1.MATH.GPIA,HUN,2015,0.9896667003631592,NA,UIS_EST
PREPFUTURE.1.MATH.GPIA,HUN,2019,0.9496139287948608,NA,UIS_EST
PREPFUTURE.1.MATH.GPIA,IDN,2015,1.051470279693604,NA,UIS_EST
PREPFUTURE.1.MATH.GPIA,IRN,1995,0.6911848187446594,NA,UIS_EST
PREPFUTURE.1.MATH.GPIA,IRN,2003,1.036095499992371,NA,UIS_EST
PREPFUTURE.1.MATH.GPIA,IRN,2007,1.09320604801178,NA,UIS_EST
PREPFUTURE.1.MATH.GPIA,IRN,2011,0.9484145641326904,NA,UIS_EST
PREPFUTURE.1.MATH.GPIA,IRN,2015,1.035688281059265,NA,UIS_EST
PREPFUTURE.1.MATH.GPIA,IRN,2019,0.9017014503479004,NA,UIS_EST
PREPFUTURE.1.MATH.GPIA,ISL,1995,0.9962210059165956,NA,NA
PREPFUTURE.1.MATH.GPIA,ISR,1995,0.9309848546981812,NA,UIS_EST
PREPFUTURE.1.MATH.GPIA,ITA,2003,0.925732672214508,NA,UIS_EST
PREPFUTURE.1.MATH.GPIA,ITA,2007,0.8902396559715271,NA,UIS_EST
PREPFUTURE.1.MATH.GPIA,ITA,2011,0.935390055179596,NA,UIS_EST
PREPFUTURE.1.MATH.GPIA,ITA,2015,0.8854783773422241,NA,UIS_EST
PREPFUTURE.1.MATH.GPIA,ITA,2019,0.936765193939209,NA,UIS_EST
PREPFUTURE.1.MATH.GPIA,KAZ,2007,1.045692801475525,NA,UIS_EST
PREPFUTURE.1.MATH.GPIA,KAZ,2011,0.9592598080635072,NA,UIS_EST
PREPFUTURE.1.MATH.GPIA,KAZ,2015,1.017631649971008,NA,UIS_EST
PREPFUTURE.1.MATH.GPIA,KAZ,2019,1.010679483413696,NA,UIS_EST
PREPFUTURE.1.MATH.GPIA,KEN,2019,1.080713152885437,NA,UIS_EST
PREPFUTURE.1.MATH.GPIA,KEN,2021,1.136930108070374,NA,UIS_EST
PREPFUTURE.1.MATH.GPIA,KEN,2023,1.160051107406616,NA,UIS_EST
PREPFUTURE.1.MATH.GPIA,KHM,2019,1.240597724914551,NA,UIS_EST
PREPFUTURE.1.MATH.GPIA,KOR,1995,0.984917163848877,NA,UIS_EST
PREPFUTURE.1.MATH.GPIA,KOR,2011,1.001490950584412,NA,UIS_EST
PREPFUTURE.1.MATH.GPIA,KOR,2015,1.005238771438599,NA,UIS_EST
PREPFUTURE.1.MATH.GPIA,KOR,2019,1.009580254554749,NA,UIS_EST
PREPFUTURE.1.MATH.GPIA,LAO,2019,1.131823182106018,NA,UIS_EST
PREPFUTURE.1.MATH.GPIA,LSO,2013,1.139775156974792,NA,UIS_EST
PREPFUTURE.1.MATH.GPIA,LSO,2023,1.466795086860657,NA,UIS_EST
PREPFUTURE.1.MATH.GPIA,LTU,2003,1.011447429656982,NA,UIS_EST
PREPFUTURE.1.MATH.GPIA,LTU,2007,1.017987132072449,NA,UIS_EST
PREPFUTURE.1.MATH.GPIA,LTU,2011,1.002198815345764,NA,UIS_EST
PREPFUTURE.1.MATH.GPIA,LTU,2015,1.031397461891174,NA,UIS_EST
PREPFUTURE.1.MATH.GPIA,LTU,2019,0.9864866733551024,NA,UIS_EST
PREPFUTURE.1.MATH.GPIA,LVA,1995,1.040530204772949,NA,UIS_EST
PREPFUTURE.1.MATH.GPIA,LVA,2003,1.01508355140686,NA,UIS_EST
PREPFUTURE.1.MATH.GPIA,LVA,2007,1.031222105026245,NA,UIS_EST
PREPFUTURE.1.MATH.GPIA,LVA,2019,0.9871267676353456,NA,UIS_EST
PREPFUTURE.1.MATH.GPIA,MAR,2003,0.703978955745697,NA,UIS_EST
PREPFUTURE.1.MATH.GPIA,MAR,2007,0.7183623909950256,NA,UIS_EST
PREPFUTURE.1.MATH.GPIA,MAR,2011,0.8865171074867249,NA,UIS_EST
PREPFUTURE.1.MATH.GPIA,MAR,2015,0.9134989380836488,NA,UIS_EST
PREPFUTURE.1.MATH.GPIA,MAR,2019,0.9835199117660522,NA,UIS_EST
PREPFUTURE.1.MATH.GPIA,MDA,2003,1.071424126625061,NA,UIS_EST
PREPFUTURE.1.MATH.GPIA,MDG,2019,1.280389666557312,NA,UIS_EST
PREPFUTURE.1.MATH.GPIA,MEX,2006,1.071510195732117,NA,UIS_EST
PREPFUTURE.1.MATH.GPIA,MEX,2019,1.057026386260986,NA,UIS_EST
PREPFUTURE.1.MATH.GPIA,MKD,2019,1.052460074424744,NA,UIS_EST
PREPFUTURE.1.MATH.GPIA,MLT,2011,0.9721364974975586,NA,UIS_EST
PREPFUTURE.1.MATH.GPIA,MLT,2019,0.967946231365204,NA,UIS_EST
PREPFUTURE.1.MATH.GPIA,MMR,2019,1.069979548454285,NA,UIS_EST
PREPFUTURE.1.MATH.GPIA,MNE,2019,0.938340961933136,NA,UIS_EST
PREPFUTURE.1.MATH.GPIA,MNG,2007,1.034312129020691,NA,UIS_EST
PREPFUTURE.1.MATH.GPIA,MOZ,2006,0.7941967844963074,NA,UIS_EST
PREPFUTURE.1.MATH.GPIA,MOZ,2013,0.8869292140007019,NA,UIS_EST
PREPFUTURE.1.MATH.GPIA,MUS,2006,1.100189328193665,NA,UIS_EST
PREPFUTURE.1.MATH.GPIA,MUS,2013,1.091318845748901,NA,UIS_EST
PREPFUTURE.1.MATH.GPIA,MWI,2006,0.703129231929779,NA,UIS_EST
PREPFUTURE.1.MATH.GPIA,MWI,2013,0.7120503187179565,NA,UIS_EST
PREPFUTURE.1.MATH.GPIA,MYS,2019,1.100538372993469,NA,UIS_EST
PREPFUTURE.1.MATH.GPIA,NAM,2006,0.9844305515289308,NA,UIS_EST
PREPFUTURE.1.MATH.GPIA,NAM,2013,1.186363697052002,NA,UIS_EST
PREPFUTURE.1.MATH.GPIA,NER,2014,0.5379910469055176,NA,UIS_EST
PREPFUTURE.1.MATH.GPIA,NER,2019,0.7265221476554871,NA,UIS_EST
PREPFUTURE.1.MATH.GPIA,NIC,2006,0.9357264041900636,NA,UIS_EST
PREPFUTURE.1.MATH.GPIA,NIC,2019,0.7218592762947083,NA,UIS_EST
PREPFUTURE.1.MATH.GPIA,NLD,1995,0.9468360543251038,NA,UIS_EST
PREPFUTURE.1.MATH.GPIA,NLD,2003,0.9744538068771362,NA,UIS_EST
PREPFUTURE.1.MATH.GPIA,NLD,2007,0.952262043952942,NA,UIS_EST
PREPFUTURE.1.MATH.GPIA,NLD,2011,0.9708831310272216,NA,UIS_EST
PREPFUTURE.1.MATH.GPIA,NLD,2015,0.9668843150138856,NA,UIS_EST
PREPFUTURE.1.MATH.GPIA,NLD,2019,0.9751687049865724,NA,UIS_EST
PREPFUTURE.1.MATH.GPIA,NOR,1995,0.9754673838615416,NA,UIS_EST
PREPFUTURE.1.MATH.GPIA,NOR,2003,1.030125260353088,NA,UIS_EST
PREPFUTURE.1.MATH.GPIA,NOR,2007,1.0485999584198,NA,UIS_EST
PREPFUTURE.1.MATH.GPIA,NOR,2011,1.038650631904602,NA,UIS_EST
PREPFUTURE.1.MATH.GPIA,NOR,2015,0.9940229058265686,NA,UIS_EST
PREPFUTURE.1.MATH.GPIA,NOR,2019,0.978377103805542,NA,UIS_EST
PREPFUTURE.1.MATH.GPIA,PAK,2019,0.967461109161377,NA,UIS_EST
PREPFUTURE.1.MATH.GPIA,PAN,2006,1.101650238037109,NA,UIS_EST
PREPFUTURE.1.MATH.GPIA,PAN,2019,0.9763569235801696,NA,UIS_EST
PREPFUTURE.1.MATH.GPIA,PER,2006,0.7835900783538818,NA,UIS_EST
PREPFUTURE.1.MATH.GPIA,PER,2019,1.025834679603577,NA,UIS_EST
PREPFUTURE.1.MATH.GPIA,PHL,2019,1.128393769264221,NA,UIS_EST
PREPFUTURE.1.MATH.GPIA,POL,2011,0.9019270539283752,NA,UIS_EST
PREPFUTURE.1.MATH.GPIA,POL,2015,1.020682334899902,NA,UIS_EST
PREPFUTURE.1.MATH.GPIA,POL,2019,0.9846398830413818,NA,UIS_EST
PREPFUTURE.1.MATH.GPIA,PRT,1995,0.9216054677963256,NA,UIS_EST
PREPFUTURE.1.MATH.GPIA,PRT,2011,0.9909392595291138,NA,UIS_EST
PREPFUTURE.1.MATH.GPIA,PRT,2015,0.9682164192199708,NA,UIS_EST
PREPFUTURE.1.MATH.GPIA,PRT,2019,0.9189659953117372,NA,UIS_EST
PREPFUTURE.1.MATH.GPIA,PRY,2006,0.9843435883522034,NA,NA
PREPFUTURE.1.MATH.GPIA,PRY,2019,0.9486827850341796,NA,UIS_EST
PREPFUTURE.1.MATH.GPIA,QAT,2007,1.013657927513123,NA,UIS_EST
PREPFUTURE.1.MATH.GPIA,QAT,2011,1.037765026092529,NA,UIS_EST
PREPFUTURE.1.MATH.GPIA,QAT,2015,0.979765772819519,NA,UIS_EST
PREPFUTURE.1.MATH.GPIA,QAT,2019,0.9630286693572998,NA,UIS_EST
PREPFUTURE.1.MATH.GPIA,ROU,2011,1.015701413154602,NA,UIS_EST
PREPFUTURE.1.MATH.GPIA,RUS,2003,0.9784654378890992,NA,UIS_EST
PREPFUTURE.1.MATH.GPIA,RUS,2007,1.040486931800842,NA,UIS_EST
PREPFUTURE.1.MATH.GPIA,RUS,2011,1.019729852676392,NA,UIS_EST
PREPFUTURE.1.MATH.GPIA,RUS,2015,1.00096869468689,NA,UIS_EST
PREPFUTURE.1.MATH.GPIA,RUS,2019,0.9868189096450806,NA,UIS_EST
PREPFUTURE.1.MATH.GPIA,SEN,2014,0.7888719439506531,NA,UIS_EST
PREPFUTURE.1.MATH.GPIA,SEN,2019,1.116306781768799,NA,UIS_EST
PREPFUTURE.1.MATH.GPIA,SLV,2006,0.8261036276817322,NA,UIS_EST
PREPFUTURE.1.MATH.GPIA,SLV,2019,0.8764163851737976,NA,UIS_EST
PREPFUTURE.1.MATH.GPIA,SRB,2011,0.9764675498008728,NA,UIS_EST
PREPFUTURE.1.MATH.GPIA,SRB,2015,1.012446165084839,NA,UIS_EST
PREPFUTURE.1.MATH.GPIA,SRB,2019,1.02949070930481,NA,UIS_EST
PREPFUTURE.1.MATH.GPIA,SVK,2019,0.9497615694999696,NA,UIS_EST
PREPFUTURE.1.MATH.GPIA,SVN,1995,0.9873815774917604,NA,UIS_EST
PREPFUTURE.1.MATH.GPIA,SVN,2003,0.9710493683815002,NA,UIS_EST
PREPFUTURE.1.MATH.GPIA,SVN,2007,0.982129156589508,NA,UIS_EST
PREPFUTURE.1.MATH.GPIA,SVN,2011,0.9533897042274476,NA,UIS_EST
PREPFUTURE.1.MATH.GPIA,SVN,2015,1.000867009162903,NA,NA
PREPFUTURE.1.MATH.GPIA,SWE,2007,0.9634726047515868,NA,UIS_EST
PREPFUTURE.1.MATH.GPIA,SWE,2011,0.9748568534851074,NA,UIS_EST
PREPFUTURE.1.MATH.GPIA,SWE,2015,1.001695156097412,NA,UIS_EST
PREPFUTURE.1.MATH.GPIA,SWE,2019,0.9515259265899658,NA,UIS_EST
PREPFUTURE.1.MATH.GPIA,SWZ,2006,1.053026437759399,NA,UIS_EST
PREPFUTURE.1.MATH.GPIA,SWZ,2013,0.9565654993057252,NA,UIS_EST
PREPFUTURE.1.MATH.GPIA,TCD,2014,0.2641501128673553,NA,UIS_EST
PREPFUTURE.1.MATH.GPIA,TCD,2019,1.129484534263611,NA,UIS_EST
PREPFUTURE.1.MATH.GPIA,TGO,2014,0.8149076104164124,NA,UIS_EST
PREPFUTURE.1.MATH.GPIA,TGO,2019,0.981481432914734,NA,UIS_EST
PREPFUTURE.1.MATH.GPIA,THA,1995,1.100776195526123,NA,UIS_EST
PREPFUTURE.1.MATH.GPIA,THA,2011,1.150920629501343,NA,UIS_EST
PREPFUTURE.1.MATH.GPIA,TUN,2003,1.002618312835693,NA,UIS_EST
PREPFUTURE.1.MATH.GPIA,TUN,2007,1.068697333335876,NA,UIS_EST
PREPFUTURE.1.MATH.GPIA,TUN,2011,0.9359055757522584,NA,UIS_EST
PREPFUTURE.1.MATH.GPIA,TUR,2011,0.982480525970459,NA,UIS_EST
PREPFUTURE.1.MATH.GPIA,TUR,2015,0.9806889295578004,NA,UIS_EST
PREPFUTURE.1.MATH.GPIA,TUR,2019,1.004415273666382,NA,UIS_EST
PREPFUTURE.1.MATH.GPIA,TZA,2006,0.6081704497337341,NA,UIS_EST
PREPFUTURE.1.MATH.GPIA,TZA,2013,0.8965101838111877,NA,UIS_EST
PREPFUTURE.1.MATH.GPIA,UGA,2013,0.8549765944480896,NA,UIS_EST
PREPFUTURE.1.MATH.GPIA,UKR,2007,0.9729759693145752,NA,UIS_EST
PREPFUTURE.1.MATH.GPIA,URY,2006,0.9994327425956726,NA,NA
PREPFUTURE.1.MATH.GPIA,URY,2019,0.9925346970558168,NA,UIS_EST
PREPFUTURE.1.MATH.GPIA,USA,1995,1.015323042869568,NA,UIS_EST
PREPFUTURE.1.MATH.GPIA,USA,2003,0.9647420644760132,NA,UIS_EST
PREPFUTURE.1.MATH.GPIA,USA,2007,0.9805167317390442,NA,UIS_EST
PREPFUTURE.1.MATH.GPIA,USA,2011,0.976430118083954,NA,UIS_EST
PREPFUTURE.1.MATH.GPIA,USA,2015,0.9782918095588684,NA,UIS_EST
PREPFUTURE.1.MATH.GPIA,USA,2019,0.9585465788841248,NA,UIS_EST
PREPFUTURE.1.MATH.GPIA,VNM,2019,1.025647044181824,NA,UIS_EST
PREPFUTURE.1.MATH.GPIA,YEM,2003,0.3500353395938873,NA,UIS_EST
PREPFUTURE.1.MATH.GPIA,YEM,2007,0.5586594939231873,NA,UIS_EST
PREPFUTURE.1.MATH.GPIA,YEM,2011,0.557894766330719,NA,UIS_EST
PREPFUTURE.1.MATH.GPIA,ZAF,2013,1.059385538101196,NA,UIS_EST
PREPFUTURE.1.MATH.GPIA,ZMB,2016,1.021477818489075,NA,NA
PREPFUTURE.1.MATH.GPIA,ZMB,2021,1.169420123100281,NA,UIS_EST
PREPFUTURE.1.MATH.GPIA,ZMB,2023,1.118445754051208,NA,UIS_EST
PREPFUTURE.1.MATH.GPIA,ZWE,2006,0.9281944036483764,NA,UIS_EST
PREPFUTURE.1.MATH.GPIA,ZWE,2013,1.14270031452179,NA,UIS_EST
PREPFUTURE.2.MATH.GPIA,ALB,2000,1.192581534385681,NA,UIS_EST
PREPFUTURE.2.MATH.GPIA,ALB,2009,1.091860294342041,NA,UIS_EST
PREPFUTURE.2.MATH.GPIA,ALB,2012,1.031087279319763,NA,UIS_EST
PREPFUTURE.2.MATH.GPIA,ALB,2015,1.098969221115112,NA,UIS_EST
PREPFUTURE.2.MATH.GPIA,ALB,2018,1.072835326194763,NA,UIS_EST
PREPFUTURE.2.MATH.GPIA,ALB,2022,1.226864814758301,NA,UIS_EST
PREPFUTURE.2.MATH.GPIA,ARG,2000,1.136975765228271,NA,UIS_EST
PREPFUTURE.2.MATH.GPIA,ARG,2006,0.973201870918274,NA,UIS_EST
PREPFUTURE.2.MATH.GPIA,ARG,2009,0.9724944829940796,NA,UIS_EST
PREPFUTURE.2.MATH.GPIA,ARG,2012,0.9086348414421082,NA,UIS_EST
PREPFUTURE.2.MATH.GPIA,ARG,2018,0.8831871747970581,NA,UIS_EST
PREPFUTURE.2.MATH.GPIA,ARG,2022,0.9214602708816528,NA,UIS_EST
PREPFUTURE.2.MATH.GPIA,ARM,2003,1.095593333244324,NA,UIS_EST
PREPFUTURE.2.MATH.GPIA,ARM,2007,1.020593881607056,NA,UIS_EST
PREPFUTURE.2.MATH.GPIA,ARM,2011,1.095909357070923,NA,UIS_EST
PREPFUTURE.2.MATH.GPIA,ARM,2015,1.073800563812256,NA,UIS_EST
PREPFUTURE.2.MATH.GPIA,AUS,2000,0.990960419178009,NA,UIS_EST
PREPFUTURE.2.MATH.GPIA,AUS,2003,1.02447783946991,NA,UIS_EST
PREPFUTURE.2.MATH.GPIA,AUS,2006,0.9947885274887084,NA,UIS_EST
PREPFUTURE.2.MATH.GPIA,AUS,2009,0.995467722415924,NA,UIS_EST
PREPFUTURE.2.MATH.GPIA,AUS,2012,0.96970933675766,NA,UIS_EST
PREPFUTURE.2.MATH.GPIA,AUS,2015,1.0075523853302,NA,UIS_EST
PREPFUTURE.2.MATH.GPIA,AUS,2018,0.9993872046470642,NA,NA
PREPFUTURE.2.MATH.GPIA,AUS,2022,0.993480384349823,NA,UIS_EST
PREPFUTURE.2.MATH.GPIA,AUT,2000,0.948641836643219,NA,UIS_EST
PREPFUTURE.2.MATH.GPIA,AUT,2003,1.010796546936035,NA,UIS_EST
PREPFUTURE.2.MATH.GPIA,AUT,2006,0.9351325035095216,NA,UIS_EST
PREPFUTURE.2.MATH.GPIA,AUT,2009,0.9537904858589172,NA,UIS_EST
PREPFUTURE.2.MATH.GPIA,AUT,2012,0.9413501024246216,NA,UIS_EST
PREPFUTURE.2.MATH.GPIA,AUT,2015,0.9282993078231812,NA,UIS_EST
PREPFUTURE.2.MATH.GPIA,AUT,2018,0.9895272850990297,NA,UIS_EST
PREPFUTURE.2.MATH.GPIA,AUT,2022,0.9465420246124268,NA,UIS_EST
PREPFUTURE.2.MATH.GPIA,AZE,2006,0.961319863796234,NA,UIS_EST
PREPFUTURE.2.MATH.GPIA,AZE,2009,0.8519496917724609,NA,UIS_EST
PREPFUTURE.2.MATH.GPIA,AZE,2022,1.058964371681213,NA,UIS_EST
PREPFUTURE.2.MATH.GPIA,BEL,2000,1.040327787399292,NA,UIS_EST
PREPFUTURE.2.MATH.GPIA,BEL,2003,1.034363746643066,NA,UIS_EST
PREPFUTURE.2.MATH.GPIA,BEL,2006,1.032294034957886,NA,UIS_EST
PREPFUTURE.2.MATH.GPIA,BEL,2009,0.9733564257621764,NA,UIS_EST
PREPFUTURE.2.MATH.GPIA,BEL,2012,1.022890210151672,NA,UIS_EST
PREPFUTURE.2.MATH.GPIA,BEL,2015,0.9956165552139282,NA,UIS_EST
PREPFUTURE.2.MATH.GPIA,BEL,2018,0.9875013828277588,NA,UIS_EST
PREPFUTURE.2.MATH.GPIA,BEL,2022,1.024039387702942,NA,UIS_EST
PREPFUTURE.2.MATH.GPIA,BGR,2000,1.031105399131775,NA,UIS_EST
PREPFUTURE.2.MATH.GPIA,BGR,2006,1.048858880996704,NA,UIS_EST
PREPFUTURE.2.MATH.GPIA,BGR,2009,1.024338841438293,NA,UIS_EST
PREPFUTURE.2.MATH.GPIA,BGR,2012,1.039451956748962,NA,UIS_EST
PREPFUTURE.2.MATH.GPIA,BGR,2015,1.039473533630371,NA,UIS_EST
PREPFUTURE.2.MATH.GPIA,BGR,2018,1.019776821136475,NA,UIS_EST
PREPFUTURE.2.MATH.GPIA,BGR,2022,1.054472684860229,NA,UIS_EST
PREPFUTURE.2.MATH.GPIA,BLR,2018,0.9916057586669922,NA,UIS_EST
PREPFUTURE.2.MATH.GPIA,BRA,2000,0.7776592373847961,NA,UIS_EST
PREPFUTURE.2.MATH.GPIA,BRA,2003,0.9645088315010072,NA,UIS_EST
PREPFUTURE.2.MATH.GPIA,BRA,2006,0.9147339463233948,NA,UIS_EST
PREPFUTURE.2.MATH.GPIA,BRA,2009,0.958545982837677,NA,UIS_EST
PREPFUTURE.2.MATH.GPIA,BRA,2012,0.9070385694503784,NA,UIS_EST
PREPFUTURE.2.MATH.GPIA,BRA,2015,0.8928536772727966,NA,UIS_EST
PREPFUTURE.2.MATH.GPIA,BRA,2018,0.9666303396224976,NA,UIS_EST
PREPFUTURE.2.MATH.GPIA,BRA,2022,0.8974004983901978,NA,UIS_EST
PREPFUTURE.2.MATH.GPIA,CAN,2000,1.003579497337341,NA,NA
PREPFUTURE.2.MATH.GPIA,CAN,2003,1.018089771270752,NA,UIS_EST
PREPFUTURE.2.MATH.GPIA,CAN,2006,0.996925175189972,NA,UIS_EST
PREPFUTURE.2.MATH.GPIA,CAN,2009,0.9947966933250428,NA,UIS_EST
PREPFUTURE.2.MATH.GPIA,CAN,2012,0.9971123933792114,NA,UIS_EST
PREPFUTURE.2.MATH.GPIA,CAN,2015,0.9992291927337646,NA,NA
PREPFUTURE.2.MATH.GPIA,CAN,2018,1.010276198387146,NA,UIS_EST
PREPFUTURE.2.MATH.GPIA,CAN,2022,0.9971277713775636,NA,UIS_EST
PREPFUTURE.2.MATH.GPIA,CHE,2015,1.000716209411621,NA,NA
PREPFUTURE.2.MATH.GPIA,CHE,2018,0.9925196766853333,NA,UIS_EST
PREPFUTURE.2.MATH.GPIA,CHE,2022,0.9941925406455994,NA,UIS_EST
PREPFUTURE.2.MATH.GPIA,CHL,1995,0.7874935865402222,NA,UIS_EST
PREPFUTURE.2.MATH.GPIA,CHL,1999,0.7907609343528748,NA,UIS_EST
PREPFUTURE.2.MATH.GPIA,CHL,2003,0.7007667422294617,NA,UIS_EST
PREPFUTURE.2.MATH.GPIA,CHL,2011,0.8627927303314209,NA,UIS_EST
PREPFUTURE.2.MATH.GPIA,CHL,2015,0.758375346660614,NA,UIS_EST
PREPFUTURE.2.MATH.GPIA,CHL,2019,0.9106524586677552,NA,UIS_EST
PREPFUTURE.2.MATH.GPIA,CHL,2022,0.8477244973182678,NA,UIS_EST
PREPFUTURE.2.MATH.GPIA,COL,2006,0.8067941069602966,NA,UIS_EST
PREPFUTURE.2.MATH.GPIA,COL,2009,0.6713025569915771,NA,UIS_EST
PREPFUTURE.2.MATH.GPIA,COL,2012,0.6993948221206665,NA,UIS_EST
PREPFUTURE.2.MATH.GPIA,COL,2015,0.9048061370849608,NA,UIS_EST
PREPFUTURE.2.MATH.GPIA,COL,2018,0.8083379864692688,NA,UIS_EST
PREPFUTURE.2.MATH.GPIA,COL,2022,0.9050318002700806,NA,UIS_EST
PREPFUTURE.2.MATH.GPIA,CRI,2009,0.8283249735832214,NA,UIS_EST
PREPFUTURE.2.MATH.GPIA,CRI,2012,0.8058797121047974,NA,UIS_EST
PREPFUTURE.2.MATH.GPIA,CRI,2015,0.856423020362854,NA,UIS_EST
PREPFUTURE.2.MATH.GPIA,CRI,2018,0.8944993019104004,NA,UIS_EST
PREPFUTURE.2.MATH.GPIA,CRI,2022,0.8172984719276428,NA,UIS_EST
PREPFUTURE.2.MATH.GPIA,CZE,2000,1.000522613525391,NA,NA
PREPFUTURE.2.MATH.GPIA,CZE,2003,0.9664874076843262,NA,UIS_EST
PREPFUTURE.2.MATH.GPIA,CZE,2006,0.9571916460990906,NA,UIS_EST
PREPFUTURE.2.MATH.GPIA,CZE,2009,0.9821357131004332,NA,UIS_EST
PREPFUTURE.2.MATH.GPIA,CZE,2012,0.9582578539848328,NA,UIS_EST
PREPFUTURE.2.MATH.GPIA,CZE,2015,1.011248826980591,NA,UIS_EST
PREPFUTURE.2.MATH.GPIA,CZE,2018,1.011646270751953,NA,UIS_EST
PREPFUTURE.2.MATH.GPIA,CZE,2022,1.010355949401855,NA,UIS_EST
PREPFUTURE.2.MATH.GPIA,DEU,2000,0.9592251181602478,NA,UIS_EST
PREPFUTURE.2.MATH.GPIA,DEU,2003,0.9884107708930968,NA,UIS_EST
PREPFUTURE.2.MATH.GPIA,DEU,2006,0.939645767211914,NA,UIS_EST
PREPFUTURE.2.MATH.GPIA,DEU,2009,0.9575585126876832,NA,UIS_EST
PREPFUTURE.2.MATH.GPIA,DEU,2012,0.9749237895011902,NA,UIS_EST
PREPFUTURE.2.MATH.GPIA,DEU,2015,0.9537211656570436,NA,UIS_EST
PREPFUTURE.2.MATH.GPIA,DEU,2018,1.006544589996338,NA,UIS_EST
PREPFUTURE.2.MATH.GPIA,DEU,2022,0.9728143215179444,NA,UIS_EST
PREPFUTURE.2.MATH.GPIA,DNK,2000,0.9797403812408448,NA,UIS_EST
PREPFUTURE.2.MATH.GPIA,DNK,2003,0.9526436924934388,NA,UIS_EST
PREPFUTURE.2.MATH.GPIA,DNK,2006,0.964630961418152,NA,UIS_EST
PREPFUTURE.2.MATH.GPIA,DNK,2009,0.9444576501846312,NA,UIS_EST
PREPFUTURE.2.MATH.GPIA,DNK,2012,0.959123432636261,NA,UIS_EST
PREPFUTURE.2.MATH.GPIA,DNK,2015,0.9845250844955444,NA,UIS_EST
PREPFUTURE.2.MATH.GPIA,DNK,2018,1.008201837539673,NA,UIS_EST
PREPFUTURE.2.MATH.GPIA,DNK,2022,0.9837926030158995,NA,UIS_EST
PREPFUTURE.2.MATH.GPIA,DOM,2015,1.069247245788574,NA,UIS_EST
PREPFUTURE.2.MATH.GPIA,DOM,2018,1.035133719444275,NA,UIS_EST
PREPFUTURE.2.MATH.GPIA,DOM,2022,0.937823474407196,NA,UIS_EST
PREPFUTURE.2.MATH.GPIA,DZA,2015,1.376476883888245,NA,UIS_EST
PREPFUTURE.2.MATH.GPIA,ECU,2017,0.7172523140907288,NA,UIS_EST
PREPFUTURE.2.MATH.GPIA,EGY,2003,0.9035608172416688,NA,UIS_EST
PREPFUTURE.2.MATH.GPIA,EGY,2007,1.110891103744507,NA,UIS_EST
PREPFUTURE.2.MATH.GPIA,EGY,2015,1.154758453369141,NA,UIS_EST
PREPFUTURE.2.MATH.GPIA,EGY,2019,1.174232482910156,NA,UIS_EST
PREPFUTURE.2.MATH.GPIA,ESP,2000,0.9868388772010804,NA,NA
PREPFUTURE.2.MATH.GPIA,ESP,2003,1.024450182914734,NA,UIS_EST
PREPFUTURE.2.MATH.GPIA,ESP,2006,1.023534893989563,NA,UIS_EST
PREPFUTURE.2.MATH.GPIA,ESP,2009,0.980125367641449,NA,UIS_EST
PREPFUTURE.2.MATH.GPIA,ESP,2012,1.000241041183472,NA,UIS_EST
PREPFUTURE.2.MATH.GPIA,ESP,2015,0.9867839813232422,NA,UIS_EST
PREPFUTURE.2.MATH.GPIA,ESP,2018,1.028093457221985,NA,UIS_EST
PREPFUTURE.2.MATH.GPIA,ESP,2022,1.012420415878296,NA,UIS_EST
PREPFUTURE.2.MATH.GPIA,EST,2015,1.047987222671509,NA,UIS_EST
PREPFUTURE.2.MATH.GPIA,EST,2018,1.02853262424469,NA,UIS_EST
PREPFUTURE.2.MATH.GPIA,EST,2022,1.034480214118958,NA,UIS_EST
PREPFUTURE.2.MATH.GPIA,FIN,2000,1.008139729499817,NA,UIS_EST
PREPFUTURE.2.MATH.GPIA,FIN,2003,1.012720584869385,NA,UIS_EST
PREPFUTURE.2.MATH.GPIA,FIN,2006,1.001216292381287,NA,UIS_EST
PREPFUTURE.2.MATH.GPIA,FIN,2009,1.007810235023499,NA,UIS_EST
PREPFUTURE.2.MATH.GPIA,FIN,2012,1.041806697845459,NA,UIS_EST
PREPFUTURE.2.MATH.GPIA,FIN,2015,1.05158531665802,NA,UIS_EST
PREPFUTURE.2.MATH.GPIA,FIN,2018,1.043384671211243,NA,UIS_EST
PREPFUTURE.2.MATH.GPIA,FIN,2022,1.068398714065552,NA,UIS_EST
PREPFUTURE.2.MATH.GPIA,FRA,2000,0.991138219833374,NA,UIS_EST
PREPFUTURE.2.MATH.GPIA,FRA,2003,1.010701298713684,NA,UIS_EST
PREPFUTURE.2.MATH.GPIA,FRA,2006,1.004026412963867,NA,UIS_EST
PREPFUTURE.2.MATH.GPIA,FRA,2009,0.9876965284347534,NA,UIS_EST
PREPFUTURE.2.MATH.GPIA,FRA,2012,1.01315176486969,NA,UIS_EST
PREPFUTURE.2.MATH.GPIA,FRA,2015,1.023396134376526,NA,UIS_EST
PREPFUTURE.2.MATH.GPIA,FRA,2018,1.011976957321167,NA,UIS_EST
PREPFUTURE.2.MATH.GPIA,FRA,2022,1.011605262756348,NA,UIS_EST
PREPFUTURE.2.MATH.GPIA,GBR,2015,0.9680419564247132,NA,UIS_EST
PREPFUTURE.2.MATH.GPIA,GBR,2018,0.9760799407958984,NA,UIS_EST
PREPFUTURE.2.MATH.GPIA,GBR,2022,0.9689677953720092,NA,UIS_EST
PREPFUTURE.2.MATH.GPIA,GEO,2009,1.026356935501099,NA,UIS_EST
PREPFUTURE.2.MATH.GPIA,GEO,2015,1.133400917053223,NA,UIS_EST
PREPFUTURE.2.MATH.GPIA,GEO,2018,1.042044281959534,NA,UIS_EST
PREPFUTURE.2.MATH.GPIA,GEO,2022,1.057948470115662,NA,UIS_EST
PREPFUTURE.2.MATH.GPIA,GHA,2003,0.5017257332801819,NA,UIS_EST
PREPFUTURE.2.MATH.GPIA,GHA,2007,0.5197190642356873,NA,UIS_EST
PREPFUTURE.2.MATH.GPIA,GHA,2011,0.642399251461029,NA,UIS_EST
PREPFUTURE.2.MATH.GPIA,GRC,2000,1.016496658325195,NA,UIS_EST
PREPFUTURE.2.MATH.GPIA,GRC,2003,0.9190276861190796,NA,UIS_EST
PREPFUTURE.2.MATH.GPIA,GRC,2006,1.022501349449158,NA,UIS_EST
PREPFUTURE.2.MATH.GPIA,GRC,2009,0.957657754421234,NA,UIS_EST
PREPFUTURE.2.MATH.GPIA,GRC,2012,0.9705060124397278,NA,UIS_EST
PREPFUTURE.2.MATH.GPIA,GRC,2015,1.041946291923523,NA,UIS_EST
PREPFUTURE.2.MATH.GPIA,GRC,2018,1.047716379165649,NA,UIS_EST
PREPFUTURE.2.MATH.GPIA,GRC,2022,0.9731866121292114,NA,UIS_EST
PREPFUTURE.2.MATH.GPIA,GTM,2017,0.7964674234390259,NA,UIS_EST
PREPFUTURE.2.MATH.GPIA,GTM,2022,0.6780967712402344,NA,UIS_EST
PREPFUTURE.2.MATH.GPIA,HND,2017,0.7884175777435303,NA,UIS_EST
PREPFUTURE.2.MATH.GPIA,HRV,2006,0.9429976940155028,NA,UIS_EST
PREPFUTURE.2.MATH.GPIA,HRV,2009,0.9540525674819946,NA,UIS_EST
PREPFUTURE.2.MATH.GPIA,HRV,2012,0.9668442010879515,NA,UIS_EST
PREPFUTURE.2.MATH.GPIA,HRV,2015,0.943815290927887,NA,UIS_EST
PREPFUTURE.2.MATH.GPIA,HRV,2018,0.980335772037506,NA,UIS_EST
PREPFUTURE.2.MATH.GPIA,HRV,2022,1.005708456039429,NA,UIS_EST
PREPFUTURE.2.MATH.GPIA,HUN,1995,1.018287301063538,NA,UIS_EST
PREPFUTURE.2.MATH.GPIA,HUN,1999,1.005481719970703,NA,UIS_EST
PREPFUTURE.2.MATH.GPIA,HUN,2003,0.9940093159675598,NA,UIS_EST
PREPFUTURE.2.MATH.GPIA,HUN,2007,1.027313828468323,NA,UIS_EST
PREPFUTURE.2.MATH.GPIA,HUN,2011,0.9874441623687744,NA,UIS_EST
PREPFUTURE.2.MATH.GPIA,HUN,2015,0.955461859703064,NA,UIS_EST
PREPFUTURE.2.MATH.GPIA,HUN,2019,0.961993396282196,NA,UIS_EST
PREPFUTURE.2.MATH.GPIA,HUN,2022,0.9810090661048888,NA,UIS_EST
PREPFUTURE.2.MATH.GPIA,IDN,2000,0.900997281074524,NA,UIS_EST
PREPFUTURE.2.MATH.GPIA,IDN,2003,0.9793925881385804,NA,UIS_EST
PREPFUTURE.2.MATH.GPIA,IDN,2006,0.778564989566803,NA,UIS_EST
PREPFUTURE.2.MATH.GPIA,IDN,2009,1.068364977836609,NA,UIS_EST
PREPFUTURE.2.MATH.GPIA,IDN,2012,0.957773745059967,NA,UIS_EST
PREPFUTURE.2.MATH.GPIA,IDN,2015,1.108527660369873,NA,UIS_EST
PREPFUTURE.2.MATH.GPIA,IDN,2018,1.167567849159241,NA,UIS_EST
PREPFUTURE.2.MATH.GPIA,IDN,2022,1.144799709320068,NA,UIS_EST
PREPFUTURE.2.MATH.GPIA,IRL,2000,0.9963878393173218,NA,NA
PREPFUTURE.2.MATH.GPIA,IRL,2003,0.9650556445121764,NA,UIS_EST
PREPFUTURE.2.MATH.GPIA,IRL,2006,0.9834556579589844,NA,UIS_EST
PREPFUTURE.2.MATH.GPIA,IRL,2009,0.998412549495697,NA,UIS_EST
PREPFUTURE.2.MATH.GPIA,IRL,2012,0.9638699293136596,NA,UIS_EST
PREPFUTURE.2.MATH.GPIA,IRL,2015,0.9851963520050048,NA,UIS_EST
PREPFUTURE.2.MATH.GPIA,IRL,2018,1.004725933074951,NA,UIS_EST
PREPFUTURE.2.MATH.GPIA,IRL,2022,0.9912492036819458,NA,UIS_EST
PREPFUTURE.2.MATH.GPIA,IRN,1995,0.5594810247421265,NA,UIS_EST
PREPFUTURE.2.MATH.GPIA,IRN,1999,0.6405668258666992,NA,UIS_EST
PREPFUTURE.2.MATH.GPIA,IRN,2003,1.11827552318573,NA,UIS_EST
PREPFUTURE.2.MATH.GPIA,IRN,2007,1.032344818115234,NA,UIS_EST
PREPFUTURE.2.MATH.GPIA,IRN,2011,0.8383232951164246,NA,UIS_EST
PREPFUTURE.2.MATH.GPIA,IRN,2015,0.9949304461479188,NA,UIS_EST
PREPFUTURE.2.MATH.GPIA,IRN,2019,1.11993145942688,NA,UIS_EST
PREPFUTURE.2.MATH.GPIA,ISL,2000,1.023879170417786,NA,UIS_EST
PREPFUTURE.2.MATH.GPIA,ISL,2003,1.07607102394104,NA,UIS_EST
PREPFUTURE.2.MATH.GPIA,ISL,2006,1.03646457195282,NA,UIS_EST
PREPFUTURE.2.MATH.GPIA,ISL,2009,1.021915197372437,NA,UIS_EST
PREPFUTURE.2.MATH.GPIA,ISL,2012,1.042987108230591,NA,UIS_EST
PREPFUTURE.2.MATH.GPIA,ISL,2015,1.020002603530884,NA,UIS_EST
PREPFUTURE.2.MATH.GPIA,ISL,2018,1.065877914428711,NA,UIS_EST
PREPFUTURE.2.MATH.GPIA,ISL,2022,1.015808463096619,NA,UIS_EST
PREPFUTURE.2.MATH.GPIA,ISR,2000,0.96677565574646,NA,UIS_EST
PREPFUTURE.2.MATH.GPIA,ISR,2006,0.9475749135017396,NA,UIS_EST
PREPFUTURE.2.MATH.GPIA,ISR,2009,1.006570100784302,NA,UIS_EST
PREPFUTURE.2.MATH.GPIA,ISR,2012,1.014878034591675,NA,UIS_EST
PREPFUTURE.2.MATH.GPIA,ISR,2015,1.016250133514404,NA,UIS_EST
PREPFUTURE.2.MATH.GPIA,ISR,2018,1.099246978759766,NA,UIS_EST
PREPFUTURE.2.MATH.GPIA,ISR,2022,1.018305420875549,NA,UIS_EST
PREPFUTURE.2.MATH.GPIA,ITA,1995,0.9642138481140136,NA,UIS_EST
PREPFUTURE.2.MATH.GPIA,ITA,1999,0.9260997772216796,NA,UIS_EST
PREPFUTURE.2.MATH.GPIA,ITA,2003,0.9738543033599854,NA,UIS_EST
PREPFUTURE.2.MATH.GPIA,ITA,2007,0.958745777606964,NA,UIS_EST
PREPFUTURE.2.MATH.GPIA,ITA,2011,0.925119936466217,NA,UIS_EST
PREPFUTURE.2.MATH.GPIA,ITA,2015,0.963279128074646,NA,UIS_EST
PREPFUTURE.2.MATH.GPIA,ITA,2019,0.9222790598869324,NA,UIS_EST
PREPFUTURE.2.MATH.GPIA,ITA,2022,0.9468557834625244,NA,UIS_EST
PREPFUTURE.2.MATH.GPIA,JAM,2022,1.212995648384094,NA,UIS_EST
PREPFUTURE.2.MATH.GPIA,JOR,2006,1.013502359390259,NA,UIS_EST
PREPFUTURE.2.MATH.GPIA,JOR,2009,1.000874638557434,NA,UIS_EST
PREPFUTURE.2.MATH.GPIA,JOR,2012,1.230671882629395,NA,UIS_EST
PREPFUTURE.2.MATH.GPIA,JOR,2015,1.106756329536438,NA,UIS_EST
PREPFUTURE.2.MATH.GPIA,JOR,2018,1.024565935134888,NA,UIS_EST
PREPFUTURE.2.MATH.GPIA,JOR,2022,1.268962025642395,NA,UIS_EST
PREPFUTURE.2.MATH.GPIA,KAZ,2009,1.010065197944641,NA,UIS_EST
PREPFUTURE.2.MATH.GPIA,KAZ,2012,1.011982560157776,NA,UIS_EST
PREPFUTURE.2.MATH.GPIA,KAZ,2018,1.000082492828369,NA,UIS_EST
PREPFUTURE.2.MATH.GPIA,KAZ,2022,1.025456547737122,NA,UIS_EST
PREPFUTURE.2.MATH.GPIA,KHM,2017,0.8789587020874023,NA,UIS_EST
PREPFUTURE.2.MATH.GPIA,KHM,2022,1.028043746948242,NA,UIS_EST
PREPFUTURE.2.MATH.GPIA,KOR,2000,0.9662384390830994,NA,UIS_EST
PREPFUTURE.2.MATH.GPIA,KOR,2003,0.9729995131492616,NA,UIS_EST
PREPFUTURE.2.MATH.GPIA,KOR,2006,1.00503396987915,NA,UIS_EST
PREPFUTURE.2.MATH.GPIA,KOR,2009,1.023667812347412,NA,UIS_EST
PREPFUTURE.2.MATH.GPIA,KOR,2012,1.001099824905396,NA,UIS_EST
PREPFUTURE.2.MATH.GPIA,KOR,2015,1.05509877204895,NA,UIS_EST
PREPFUTURE.2.MATH.GPIA,KOR,2018,1.013921022415161,NA,UIS_EST
PREPFUTURE.2.MATH.GPIA,KOR,2022,1.036755204200745,NA,UIS_EST
PREPFUTURE.2.MATH.GPIA,LTU,2006,1.004892706871033,NA,UIS_EST
PREPFUTURE.2.MATH.GPIA,LTU,2009,1.053899526596069,NA,UIS_EST
PREPFUTURE.2.MATH.GPIA,LTU,2012,1.048831343650818,NA,UIS_EST
PREPFUTURE.2.MATH.GPIA,LTU,2015,1.038314342498779,NA,UIS_EST
PREPFUTURE.2.MATH.GPIA,LTU,2018,1.052231669425964,NA,UIS_EST
PREPFUTURE.2.MATH.GPIA,LTU,2022,1.00994598865509,NA,UIS_EST
PREPFUTURE.2.MATH.GPIA,LUX,2000,0.9549640417099,NA,UIS_EST
PREPFUTURE.2.MATH.GPIA,LUX,2003,0.9973241686820984,NA,UIS_EST
PREPFUTURE.2.MATH.GPIA,LUX,2006,0.9901874661445618,NA,UIS_EST
PREPFUTURE.2.MATH.GPIA,LUX,2009,0.9861223697662354,NA,UIS_EST
PREPFUTURE.2.MATH.GPIA,LUX,2012,0.9199261069297792,NA,UIS_EST
PREPFUTURE.2.MATH.GPIA,LUX,2015,1.001121759414673,NA,UIS_EST
PREPFUTURE.2.MATH.GPIA,LUX,2018,0.9974302053451538,NA,UIS_EST
PREPFUTURE.2.MATH.GPIA,LVA,2000,1.012725591659546,NA,UIS_EST
PREPFUTURE.2.MATH.GPIA,LVA,2003,1.033912062644958,NA,UIS_EST
PREPFUTURE.2.MATH.GPIA,LVA,2006,1.001706004142761,NA,UIS_EST
PREPFUTURE.2.MATH.GPIA,LVA,2009,1.032155513763428,NA,UIS_EST
PREPFUTURE.2.MATH.GPIA,LVA,2012,1.057737350463867,NA,UIS_EST
PREPFUTURE.2.MATH.GPIA,LVA,2015,1.05661952495575,NA,UIS_EST
PREPFUTURE.2.MATH.GPIA,LVA,2018,1.016871929168701,NA,UIS_EST
PREPFUTURE.2.MATH.GPIA,LVA,2022,1.013702154159546,NA,UIS_EST
PREPFUTURE.2.MATH.GPIA,MAR,2022,0.914864718914032,NA,UIS_EST
PREPFUTURE.2.MATH.GPIA,MDA,2009,0.970510184764862,NA,UIS_EST
PREPFUTURE.2.MATH.GPIA,MDA,2015,1.053437948226929,NA,UIS_EST
PREPFUTURE.2.MATH.GPIA,MDA,2018,1.044894576072693,NA,UIS_EST
PREPFUTURE.2.MATH.GPIA,MDA,2022,0.975921630859375,NA,UIS_EST
PREPFUTURE.2.MATH.GPIA,MEX,2000,0.8751471042633057,NA,UIS_EST
PREPFUTURE.2.MATH.GPIA,MEX,2003,0.876711368560791,NA,UIS_EST
PREPFUTURE.2.MATH.GPIA,MEX,2006,0.926149606704712,NA,UIS_EST
PREPFUTURE.2.MATH.GPIA,MEX,2009,0.911898910999298,NA,UIS_EST
PREPFUTURE.2.MATH.GPIA,MEX,2012,0.8760831952095032,NA,UIS_EST
PREPFUTURE.2.MATH.GPIA,MEX,2015,0.9303652048110962,NA,UIS_EST
PREPFUTURE.2.MATH.GPIA,MEX,2018,0.8999608159065247,NA,UIS_EST
PREPFUTURE.2.MATH.GPIA,MEX,2022,0.8170559406280518,NA,UIS_EST
PREPFUTURE.2.MATH.GPIA,MKD,2000,0.9903168678283693,NA,NA
PREPFUTURE.2.MATH.GPIA,MKD,2015,1.070676207542419,NA,UIS_EST
PREPFUTURE.2.MATH.GPIA,MKD,2018,1.101094245910645,NA,UIS_EST
PREPFUTURE.2.MATH.GPIA,MKD,2022,1.102867484092712,NA,UIS_EST
PREPFUTURE.2.MATH.GPIA,MLT,2022,1.0599445104599,NA,UIS_EST
PREPFUTURE.2.MATH.GPIA,MNE,2015,0.9969043731689452,NA,UIS_EST
PREPFUTURE.2.MATH.GPIA,MNE,2018,0.9486529231071472,NA,UIS_EST
PREPFUTURE.2.MATH.GPIA,MNE,2022,1.052674055099487,NA,UIS_EST
PREPFUTURE.2.MATH.GPIA,MNG,2007,1.010856986045837,NA,UIS_EST
PREPFUTURE.2.MATH.GPIA,MNG,2022,1.075125575065613,NA,UIS_EST
PREPFUTURE.2.MATH.GPIA,MUS,2009,1.031776189804077,NA,UIS_EST
PREPFUTURE.2.MATH.GPIA,MYS,2018,1.08825409412384,NA,UIS_EST
PREPFUTURE.2.MATH.GPIA,MYS,2022,1.173588633537292,NA,UIS_EST
PREPFUTURE.2.MATH.GPIA,NLD,2000,1.005650520324707,NA,UIS_EST
PREPFUTURE.2.MATH.GPIA,NLD,2003,0.9944503903388976,NA,UIS_EST
PREPFUTURE.2.MATH.GPIA,NLD,2006,0.9796236753463744,NA,UIS_EST
PREPFUTURE.2.MATH.GPIA,NLD,2009,0.9724588990211488,NA,UIS_EST
PREPFUTURE.2.MATH.GPIA,NLD,2012,1.009504079818726,NA,UIS_EST
PREPFUTURE.2.MATH.GPIA,NLD,2015,1.046555042266846,NA,UIS_EST
PREPFUTURE.2.MATH.GPIA,NLD,2018,1.055747866630554,NA,UIS_EST
PREPFUTURE.2.MATH.GPIA,NLD,2022,1.029061913490295,NA,UIS_EST
PREPFUTURE.2.MATH.GPIA,NOR,2000,0.9904540181159972,NA,NA
PREPFUTURE.2.MATH.GPIA,NOR,2003,0.9940798282623292,NA,UIS_EST
PREPFUTURE.2.MATH.GPIA,NOR,2006,0.9969183206558228,NA,UIS_EST
PREPFUTURE.2.MATH.GPIA,NOR,2009,0.9951232671737672,NA,UIS_EST
PREPFUTURE.2.MATH.GPIA,NOR,2012,1.007309556007385,NA,UIS_EST
PREPFUTURE.2.MATH.GPIA,NOR,2015,1.041056752204895,NA,UIS_EST
PREPFUTURE.2.MATH.GPIA,NOR,2018,1.052615642547607,NA,UIS_EST
PREPFUTURE.2.MATH.GPIA,NOR,2022,1.047001838684082,NA,UIS_EST
PREPFUTURE.2.MATH.GPIA,PAN,2009,1.132784366607666,NA,UIS_EST
PREPFUTURE.2.MATH.GPIA,PAN,2018,0.9000483751296997,NA,UIS_EST
PREPFUTURE.2.MATH.GPIA,PAN,2022,0.8993066549301147,NA,UIS_EST
PREPFUTURE.2.MATH.GPIA,PER,2022,0.8209477066993713,NA,UIS_EST
PREPFUTURE.2.MATH.GPIA,PHL,2022,1.367641568183899,NA,UIS_EST
PREPFUTURE.2.MATH.GPIA,POL,2000,1.114369630813599,NA,UIS_EST
PREPFUTURE.2.MATH.GPIA,POL,2003,1.084336400032043,NA,UIS_EST
PREPFUTURE.2.MATH.GPIA,POL,2006,1.027365684509277,NA,UIS_EST
PREPFUTURE.2.MATH.GPIA,POL,2009,1.038212776184082,NA,UIS_EST
PREPFUTURE.2.MATH.GPIA,POL,2012,1.030713438987732,NA,UIS_EST
PREPFUTURE.2.MATH.GPIA,POL,2015,0.9865728616714478,NA,UIS_EST
PREPFUTURE.2.MATH.GPIA,POL,2018,1.029199242591858,NA,UIS_EST
PREPFUTURE.2.MATH.GPIA,POL,2022,1.032526016235352,NA,UIS_EST
PREPFUTURE.2.MATH.GPIA,PRT,2000,1.065125823020935,NA,UIS_EST
PREPFUTURE.2.MATH.GPIA,PRT,2003,1.117610692977905,NA,UIS_EST
PREPFUTURE.2.MATH.GPIA,PRT,2006,1.081722974777222,NA,UIS_EST
PREPFUTURE.2.MATH.GPIA,PRT,2009,1.058690190315247,NA,UIS_EST
PREPFUTURE.2.MATH.GPIA,PRT,2012,1.026519894599915,NA,UIS_EST
PREPFUTURE.2.MATH.GPIA,PRT,2015,1.02849268913269,NA,UIS_EST
PREPFUTURE.2.MATH.GPIA,PRT,2018,1.037338733673096,NA,UIS_EST
PREPFUTURE.2.MATH.GPIA,PRT,2022,1.00803017616272,NA,UIS_EST
PREPFUTURE.2.MATH.GPIA,PRY,2017,0.6309936046600342,NA,UIS_EST
PREPFUTURE.2.MATH.GPIA,PRY,2022,0.8155840039253235,NA,UIS_EST
PREPFUTURE.2.MATH.GPIA,PSE,2003,1.163744330406189,NA,UIS_EST
PREPFUTURE.2.MATH.GPIA,PSE,2007,1.374546885490417,NA,UIS_EST
PREPFUTURE.2.MATH.GPIA,PSE,2011,1.22737729549408,NA,UIS_EST
PREPFUTURE.2.MATH.GPIA,PSE,2022,1.28258204460144,NA,UIS_EST
PREPFUTURE.2.MATH.GPIA,QAT,2007,1.113769173622131,NA,UIS_EST
PREPFUTURE.2.MATH.GPIA,QAT,2011,1.090078234672546,NA,UIS_EST
PREPFUTURE.2.MATH.GPIA,QAT,2015,1.037046313285828,NA,UIS_EST
PREPFUTURE.2.MATH.GPIA,QAT,2019,1.023823738098145,NA,UIS_EST
PREPFUTURE.2.MATH.GPIA,QAT,2022,1.129332661628723,NA,UIS_EST
PREPFUTURE.2.MATH.GPIA,ROU,2000,1.083789706230164,NA,UIS_EST
PREPFUTURE.2.MATH.GPIA,ROU,2006,0.9460053443908693,NA,UIS_EST
PREPFUTURE.2.MATH.GPIA,ROU,2009,1.005431652069092,NA,UIS_EST
PREPFUTURE.2.MATH.GPIA,ROU,2012,0.9946866631507874,NA,UIS_EST
PREPFUTURE.2.MATH.GPIA,ROU,2015,0.9957966804504396,NA,UIS_EST
PREPFUTURE.2.MATH.GPIA,ROU,2018,0.9814983010292052,NA,UIS_EST
PREPFUTURE.2.MATH.GPIA,ROU,2022,1.001760244369507,NA,UIS_EST
PREPFUTURE.2.MATH.GPIA,RUS,2000,1.036368250846863,NA,UIS_EST
PREPFUTURE.2.MATH.GPIA,RUS,2003,1.004620909690857,NA,UIS_EST
PREPFUTURE.2.MATH.GPIA,RUS,2006,1.00601863861084,NA,UIS_EST
PREPFUTURE.2.MATH.GPIA,RUS,2009,0.9989888072013856,NA,UIS_EST
PREPFUTURE.2.MATH.GPIA,RUS,2012,1.020816087722778,NA,UIS_EST
PREPFUTURE.2.MATH.GPIA,RUS,2015,0.9883571863174438,NA,UIS_EST
PREPFUTURE.2.MATH.GPIA,RUS,2018,1.003224492073059,NA,UIS_EST
PREPFUTURE.2.MATH.GPIA,SEN,2017,0.8436925411224365,NA,UIS_EST
PREPFUTURE.2.MATH.GPIA,SLV,2007,0.5616146922111511,NA,UIS_EST
PREPFUTURE.2.MATH.GPIA,SLV,2022,0.8389140367507935,NA,UIS_EST
PREPFUTURE.2.MATH.GPIA,SRB,2003,1.041919231414795,NA,UIS_EST
PREPFUTURE.2.MATH.GPIA,SRB,2006,1.008772730827332,NA,UIS_EST
PREPFUTURE.2.MATH.GPIA,SRB,2009,0.9571924805641174,NA,UIS_EST
PREPFUTURE.2.MATH.GPIA,SRB,2012,0.9529207944869996,NA,UIS_EST
PREPFUTURE.2.MATH.GPIA,SRB,2018,1.015479803085327,NA,UIS_EST
PREPFUTURE.2.MATH.GPIA,SRB,2022,0.9569748044013976,NA,UIS_EST
PREPFUTURE.2.MATH.GPIA,SVK,2003,0.9520556330680848,NA,UIS_EST
PREPFUTURE.2.MATH.GPIA,SVK,2006,0.9517462253570556,NA,UIS_EST
PREPFUTURE.2.MATH.GPIA,SVK,2009,1.009828686714172,NA,UIS_EST
PREPFUTURE.2.MATH.GPIA,SVK,2012,1.003807663917542,NA,UIS_EST
PREPFUTURE.2.MATH.GPIA,SVK,2015,0.9945124983787536,NA,UIS_EST
PREPFUTURE.2.MATH.GPIA,SVK,2018,1.007446885108948,NA,UIS_EST
PREPFUTURE.2.MATH.GPIA,SVK,2022,1.028788208961487,NA,UIS_EST
PREPFUTURE.2.MATH.GPIA,SVN,2006,0.9908945560455322,NA,UIS_EST
PREPFUTURE.2.MATH.GPIA,SVN,2009,1.018571257591248,NA,UIS_EST
PREPFUTURE.2.MATH.GPIA,SVN,2012,1.012125968933105,NA,UIS_EST
PREPFUTURE.2.MATH.GPIA,SVN,2015,1.004656314849854,NA,UIS_EST
PREPFUTURE.2.MATH.GPIA,SVN,2018,1.01646900177002,NA,UIS_EST
PREPFUTURE.2.MATH.GPIA,SVN,2022,1.049322605133057,NA,UIS_EST
PREPFUTURE.2.MATH.GPIA,SWE,2000,0.9819831848144532,NA,UIS_EST
PREPFUTURE.2.MATH.GPIA,SWE,2003,0.9842348098754884,NA,UIS_EST
PREPFUTURE.2.MATH.GPIA,SWE,2006,0.9908592104911804,NA,UIS_EST
PREPFUTURE.2.MATH.GPIA,SWE,2009,1.005557775497437,NA,UIS_EST
PREPFUTURE.2.MATH.GPIA,SWE,2012,1.029848694801331,NA,UIS_EST
PREPFUTURE.2.MATH.GPIA,SWE,2015,1.030572772026062,NA,UIS_EST
PREPFUTURE.2.MATH.GPIA,SWE,2018,1.018852233886719,NA,UIS_EST
PREPFUTURE.2.MATH.GPIA,SWE,2022,1.03203547000885,NA,UIS_EST
PREPFUTURE.2.MATH.GPIA,SYR,2003,0.9678831696510316,NA,NA
PREPFUTURE.2.MATH.GPIA,SYR,2007,0.7745598554611206,NA,UIS_EST
PREPFUTURE.2.MATH.GPIA,SYR,2011,0.9271063804626464,NA,UIS_EST
PREPFUTURE.2.MATH.GPIA,THA,2000,1.119438290596008,NA,UIS_EST
PREPFUTURE.2.MATH.GPIA,THA,2003,1.107667326927185,NA,UIS_EST
PREPFUTURE.2.MATH.GPIA,THA,2006,1.1611407995224,NA,UIS_EST
PREPFUTURE.2.MATH.GPIA,THA,2009,1.059767484664917,NA,UIS_EST
PREPFUTURE.2.MATH.GPIA,THA,2012,1.23688530921936,NA,UIS_EST
PREPFUTURE.2.MATH.GPIA,THA,2015,1.139274597167969,NA,UIS_EST
PREPFUTURE.2.MATH.GPIA,THA,2018,1.243909597396851,NA,UIS_EST
PREPFUTURE.2.MATH.GPIA,THA,2022,1.140074491500854,NA,UIS_EST
PREPFUTURE.2.MATH.GPIA,TTO,2009,1.104307651519775,NA,UIS_EST
PREPFUTURE.2.MATH.GPIA,TTO,2015,1.21043860912323,NA,UIS_EST
PREPFUTURE.2.MATH.GPIA,TUN,2003,0.9068626165390016,NA,UIS_EST
PREPFUTURE.2.MATH.GPIA,TUN,2006,0.8767118453979492,NA,UIS_EST
PREPFUTURE.2.MATH.GPIA,TUN,2009,0.7948835492134094,NA,UIS_EST
PREPFUTURE.2.MATH.GPIA,TUN,2012,0.847188413143158,NA,UIS_EST
PREPFUTURE.2.MATH.GPIA,TUN,2015,0.9299437403678894,NA,UIS_EST
PREPFUTURE.2.MATH.GPIA,TUR,1995,0.6290447115898132,NA,UIS_EST
PREPFUTURE.2.MATH.GPIA,TUR,1999,0.6820826530456543,NA,UIS_EST
PREPFUTURE.2.MATH.GPIA,TUR,2007,0.8600373864173889,NA,UIS_EST
PREPFUTURE.2.MATH.GPIA,TUR,2011,0.9739448428153992,NA,UIS_EST
PREPFUTURE.2.MATH.GPIA,TUR,2015,1.025166511535645,NA,UIS_EST
PREPFUTURE.2.MATH.GPIA,TUR,2019,1.092970013618469,NA,UIS_EST
PREPFUTURE.2.MATH.GPIA,TUR,2022,0.9854092597961426,NA,UIS_EST
PREPFUTURE.2.MATH.GPIA,UKR,2022,0.967769742012024,NA,UIS_EST
PREPFUTURE.2.MATH.GPIA,URY,2003,0.9982627630233764,NA,NA
PREPFUTURE.2.MATH.GPIA,URY,2006,1.026989340782166,NA,UIS_EST
PREPFUTURE.2.MATH.GPIA,URY,2009,0.9995115995407104,NA,NA
PREPFUTURE.2.MATH.GPIA,URY,2012,0.99903804063797,NA,NA
PREPFUTURE.2.MATH.GPIA,URY,2015,1.023473858833313,NA,UIS_EST
PREPFUTURE.2.MATH.GPIA,URY,2018,1.051655769348145,NA,UIS_EST
PREPFUTURE.2.MATH.GPIA,URY,2022,1.000972628593445,NA,NA
PREPFUTURE.2.MATH.GPIA,USA,2000,1.008270502090454,NA,UIS_EST
PREPFUTURE.2.MATH.GPIA,USA,2003,0.9944893717765808,NA,UIS_EST
PREPFUTURE.2.MATH.GPIA,USA,2006,0.987315833568573,NA,UIS_EST
PREPFUTURE.2.MATH.GPIA,USA,2009,0.9338821172714232,NA,UIS_EST
PREPFUTURE.2.MATH.GPIA,USA,2012,1.022879838943481,NA,UIS_EST
PREPFUTURE.2.MATH.GPIA,USA,2015,0.9828463196754456,NA,UIS_EST
PREPFUTURE.2.MATH.GPIA,USA,2018,0.9818326234817504,NA,UIS_EST
PREPFUTURE.2.MATH.GPIA,USA,2022,0.9624149799346924,NA,UIS_EST
PREPFUTURE.2.MATH.GPIA,UZB,2022,0.7623195648193359,NA,UIS_EST
PREPFUTURE.2.MATH.GPIA,VNM,2015,1.091758131980896,NA,UIS_EST
PREPFUTURE.2.MATH.GPIA,VNM,2022,1.020066261291504,NA,UIS_EST
PREPFUTURE.2.MATH.GPIA,ZMB,2017,1.281834006309509,NA,UIS_EST
